{
    "loss": 12.488036155700684,
    "accuracy": 0.5384615659713745
}