{
    "loss": 0.5358191132545471,
    "accuracy": 0.7692307829856873
}