{
    "loss": 15.579349517822266,
    "accuracy": 0.5384615659713745
}