{
    "loss": 21.734905242919922,
    "accuracy": 0.4615384638309479
}