{
    "loss": 26.03304100036621,
    "accuracy": 0.5384615659713745
}