{
    "loss": 21.27035140991211,
    "accuracy": 0.5384615659713745
}